{"divisionName":"Finance","numberEmployees":100,"sumSalary":9680354.33533475,"maxSalary":148891.0685450075,"minSalary":50180.26061236355,"averageSalary":96803.5433533475}